Province/State,Country/Region,Last Update,Confirmed,Recovered,Deaths,Date_last_updated,lat,lon
湖北武汉,China,10/02/2020 23:05,16902,1044,681,2020-02-10 23:05:11,30.58333,114.26667
湖北孝感,China,10/02/2020 23:05,2541,81,33,2020-02-10 23:05:11,30.9203436,113.9496516
湖北黄冈,China,10/02/2020 23:05,2252,189,45,2020-02-10 23:05:11,30.45143,114.87035
湖北随州,China,10/02/2020 23:05,1049,23,10,2020-02-10 23:05:11,31.6921655,113.375823
湖北荆州,China,10/02/2020 23:05,1045,46,15,2020-02-10 23:05:11,30.3543831,112.1880958
湖北襄阳,China,10/02/2020 23:05,1019,42,9,2020-02-10 23:05:11,32.0422,112.14479
湖北黄石,China,10/02/2020 23:05,805,67,3,2020-02-10 23:05:11,30.24706,115.04814
湖北宜昌,China,10/02/2020 23:05,749,43,8,2020-02-10 23:05:11,30.77135,111.32146
湖北鄂州,China,10/02/2020 23:05,725,48,24,2020-02-10 23:05:11,30.4079084,114.8784297
湖北荆门,China,10/02/2020 23:05,641,63,20,2020-02-10 23:05:11,31.0348589,112.1973384
湖北咸宁,China,10/02/2020 23:05,507,44,4,2020-02-10 23:05:11,29.66609,114.26389
湖北十堰,China,10/02/2020 23:05,481,46,0,2020-02-10 23:05:11,32.45269,110.56081
湖北仙桃,China,10/02/2020 23:05,416,16,7,2020-02-10 23:05:11,30.3768183,113.4418416
湖北天门,China,10/02/2020 23:05,217,10,10,2020-02-10 23:05:11,30.6635516,113.1616191
湖北恩施州,China,10/02/2020 23:05,187,24,0,2020-02-10 23:05:11,30.1980965,109.6755462
湖北潜江,China,10/02/2020 23:05,85,3,2,2020-02-10 23:05:11,30.35527,112.79923
湖北神农架,China,10/02/2020 23:05,10,6,0,2020-02-10 23:05:11,31.58339,110.497198
湖北地区待确认,China,10/02/2020 23:05,0,0,0,2020-02-10 23:05:11,31.0,112.25
广东深圳,China,10/02/2020 23:05,369,56,0,2020-02-10 23:05:11,22.555454,114.0543297
广东广州,China,10/02/2020 23:05,314,43,0,2020-02-10 23:05:11,23.1301964,113.2592945
广东珠海,China,10/02/2020 23:05,85,4,0,2020-02-10 23:05:11,22.27694,113.56778
广东佛山,China,10/02/2020 23:05,70,4,0,2020-02-10 23:05:11,23.02677,113.13148
广东东莞,China,10/02/2020 23:05,60,3,0,2020-02-10 23:05:11,23.0444712,113.7465512
广东中山,China,10/02/2020 23:05,56,14,0,2020-02-10 23:05:11,21.31992,110.5723
广东惠州,China,10/02/2020 23:05,52,4,0,2020-02-10 23:05:11,23.1060862,114.4141105
广东汕头,China,10/02/2020 23:05,25,6,0,2020-02-10 23:05:11,23.356377,116.6775918
广东湛江,China,10/02/2020 23:05,21,7,0,2020-02-10 23:05:11,21.28145,110.34271
广东江门,China,10/02/2020 23:05,20,2,0,2020-02-10 23:05:11,22.5766294,113.079047
广东肇庆,China,10/02/2020 23:05,15,4,1,2020-02-10 23:05:11,23.0515551,112.4728451
广东梅州,China,10/02/2020 23:05,13,4,0,2020-02-10 23:05:11,24.3053552,116.1177436
广东阳江,China,10/02/2020 23:05,13,1,0,2020-02-10 23:05:11,21.85563,111.96272
广东茂名,China,10/02/2020 23:05,10,1,0,2020-02-10 23:05:11,21.6656562,110.9196315
广东清远,China,10/02/2020 23:05,10,5,0,2020-02-10 23:05:11,23.7,113.03333
广东揭阳,China,10/02/2020 23:05,7,1,0,2020-02-10 23:05:11,23.5418,116.36581
广东韶关,China,10/02/2020 23:05,6,3,0,2020-02-10 23:05:11,24.8,113.58333
广东潮州,China,10/02/2020 23:05,5,0,0,2020-02-10 23:05:11,23.6566146,116.6205482
广东汕尾,China,10/02/2020 23:05,5,1,0,2020-02-10 23:05:11,22.7893675,115.3721503
广东河源,China,10/02/2020 23:05,3,1,0,2020-02-10 23:05:11,23.73333,114.68333
广东地区待确认,China,10/02/2020 23:05,0,1,0,2020-02-10 23:05:11,23.5,113.25
浙江温州,China,10/02/2020 23:05,464,99,0,2020-02-10 23:05:11,27.9958689,120.6915792
浙江杭州,China,10/02/2020 23:05,155,41,0,2020-02-10 23:05:11,30.2489634,120.2052342
浙江宁波,China,10/02/2020 23:05,149,15,0,2020-02-10 23:05:11,29.8622194,121.6203873
浙江台州,China,10/02/2020 23:05,141,35,0,2020-02-10 23:05:11,28.6581723,121.4163876
浙江金华,China,10/02/2020 23:05,53,16,0,2020-02-10 23:05:11,29.1080344,119.6486487
浙江绍兴,China,10/02/2020 23:05,41,10,0,2020-02-10 23:05:11,29.9992425,120.576854
浙江嘉兴,China,10/02/2020 23:05,40,5,0,2020-02-10 23:05:11,30.6509396,120.7831656
浙江丽水,China,10/02/2020 23:05,17,5,0,2020-02-10 23:05:11,28.4704064,119.9184297
浙江衢州,China,10/02/2020 23:05,15,5,0,2020-02-10 23:05:11,28.973887,118.8540924
浙江湖州,China,10/02/2020 23:05,10,3,0,2020-02-10 23:05:11,30.8942995,120.0851114
浙江舟山,China,10/02/2020 23:05,7,5,0,2020-02-10 23:05:11,29.9873344,122.2030363
河南信阳,China,10/02/2020 23:05,220,28,0,2020-02-10 23:05:11,32.09583,114.12028
河南南阳,China,10/02/2020 23:05,134,28,2,2020-02-10 23:05:11,32.99472,112.53278
河南郑州,China,10/02/2020 23:05,130,36,0,2020-02-10 23:05:11,34.7591877,113.6524076
河南驻马店,China,10/02/2020 23:05,123,25,0,2020-02-10 23:05:11,32.97944,114.02944
河南商丘,China,10/02/2020 23:05,83,9,0,2020-02-10 23:05:11,34.417097,115.6508622
河南周口,China,10/02/2020 23:05,65,14,0,2020-02-10 23:05:11,33.6306299,114.6423617
河南平顶山,China,10/02/2020 23:05,52,13,1,2020-02-10 23:05:11,33.73847,113.30119
河南新乡,China,10/02/2020 23:05,46,6,1,2020-02-10 23:05:11,35.31611,113.92667
河南安阳,China,10/02/2020 23:05,45,10,0,2020-02-10 23:05:11,36.2340674,-5.7815378
河南许昌,China,10/02/2020 23:05,31,2,0,2020-02-10 23:05:11,34.05167,113.71167
河南漯河,China,10/02/2020 23:05,30,6,0,2020-02-10 23:05:11,33.5720554,114.0285163
河南洛阳,China,10/02/2020 23:05,27,2,0,2020-02-10 23:05:11,34.68361,112.45361
河南焦作,China,10/02/2020 23:05,25,1,1,2020-02-10 23:05:11,35.2075729,113.2533977
河南开封,China,10/02/2020 23:05,24,1,0,2020-02-10 23:05:11,34.7961106,114.3472038
河南鹤壁,China,10/02/2020 23:05,17,3,0,2020-02-10 23:05:11,35.89917,114.1925
河南濮阳,China,10/02/2020 23:05,10,1,0,2020-02-10 23:05:11,35.70506,115.01409
河南三门峡,China,10/02/2020 23:05,7,3,0,2020-02-10 23:05:11,34.7678842,111.1908398
河南济源示范区,China,10/02/2020 23:05,4,0,0,2020-02-10 23:05:11,34.0,113.66667
河南地区待确认,China,10/02/2020 23:05,0,2,1,2020-02-10 23:05:11,34.0,113.66667
湖南长沙,China,10/02/2020 23:05,213,39,0,2020-02-10 23:05:11,28.1979483,112.97133
湖南岳阳,China,10/02/2020 23:05,124,21,1,2020-02-10 23:05:11,29.32472,113.302
湖南邵阳,China,10/02/2020 23:05,89,22,0,2020-02-10 23:05:11,27.2393845,111.4589576
湖南常德,China,10/02/2020 23:05,72,15,0,2020-02-10 23:05:11,29.16741,111.70769
湖南娄底,China,10/02/2020 23:05,66,8,0,2020-02-10 23:05:11,27.752933,111.676384
湖南株洲,China,10/02/2020 23:05,61,10,0,2020-02-10 23:05:11,27.8394983,113.1482168
湖南益阳,China,10/02/2020 23:05,53,16,0,2020-02-10 23:05:11,28.6,112.33333
湖南衡阳,China,10/02/2020 23:05,45,16,0,2020-02-10 23:05:11,26.9018019,112.605859
湖南永州,China,10/02/2020 23:05,41,13,0,2020-02-10 23:05:11,26.4517259,111.6031281
湖南怀化,China,10/02/2020 23:05,39,15,0,2020-02-10 23:05:11,27.554599,109.9641566
湖南郴州,China,10/02/2020 23:05,32,13,0,2020-02-10 23:05:11,25.7953089,113.0287294
湖南湘潭,China,10/02/2020 23:05,31,11,0,2020-02-10 23:05:11,27.8339927,112.935675
湖南湘西自治州,China,10/02/2020 23:05,8,6,0,2020-02-10 23:05:11,27.66667,111.75
湖南张家界,China,10/02/2020 23:05,5,3,0,2020-02-10 23:05:11,29.37278,110.68657
安徽合肥,China,10/02/2020 23:05,147,15,0,2020-02-10 23:05:11,31.7515244,117.3318937
安徽蚌埠,China,10/02/2020 23:05,126,2,3,2020-02-10 23:05:11,32.9176422,117.3825673
安徽阜阳,China,10/02/2020 23:05,125,13,0,2020-02-10 23:05:11,32.8926763,115.8090001
安徽亳州,China,10/02/2020 23:05,92,7,0,2020-02-10 23:05:11,33.8579594,115.772453
安徽安庆,China,10/02/2020 23:05,78,15,0,2020-02-10 23:05:11,30.5358685,117.1048214
安徽六安,China,10/02/2020 23:05,57,3,0,2020-02-10 23:05:11,31.7383487,116.5142252
安徽宿州,China,10/02/2020 23:05,31,4,0,2020-02-10 23:05:11,31.3016935,120.5810725
安徽马鞍山,China,10/02/2020 23:05,31,2,0,2020-02-10 23:05:11,31.68579,118.51008
安徽芜湖,China,10/02/2020 23:05,30,3,0,2020-02-10 23:05:11,31.3536127,118.4277477
安徽铜陵,China,10/02/2020 23:05,25,7,0,2020-02-10 23:05:11,30.9345628,117.8089039
安徽淮北,China,10/02/2020 23:05,23,5,0,2020-02-10 23:05:11,33.9566098,116.7928916
安徽淮南,China,10/02/2020 23:05,23,4,0,2020-02-10 23:05:11,32.5866826,117.0130019
安徽池州,China,10/02/2020 23:05,15,3,0,2020-02-10 23:05:11,30.6671088,117.4859885
安徽滁州,China,10/02/2020 23:05,12,3,0,2020-02-10 23:05:11,32.2545901,118.3280486
安徽黄山,China,10/02/2020 23:05,9,1,0,2020-02-10 23:05:11,30.1343921,118.1612689
安徽宣城,China,10/02/2020 23:05,6,2,0,2020-02-10 23:05:11,30.9412541,118.7540167
江西南昌,China,10/02/2020 23:05,189,35,0,2020-02-10 23:05:11,28.6792695,115.8885987
江西新余,China,10/02/2020 23:05,105,18,0,2020-02-10 23:05:11,28.6199533,115.9758103
江西上饶,China,10/02/2020 23:05,103,12,0,2020-02-10 23:05:11,28.450122,117.9724453
江西九江,China,10/02/2020 23:05,101,7,0,2020-02-10 23:05:11,29.7275361,115.9913134
江西宜春,China,10/02/2020 23:05,77,10,0,2020-02-10 23:05:11,27.7971551,114.3772501
江西赣州,China,10/02/2020 23:05,71,6,1,2020-02-10 23:05:11,25.8222423,114.9156711
江西抚州,China,10/02/2020 23:05,64,9,0,2020-02-10 23:05:11,27.9957951,116.353245
江西萍乡,China,10/02/2020 23:05,25,1,0,2020-02-10 23:05:11,27.6256066,113.8457387
江西吉安,China,10/02/2020 23:05,18,2,0,2020-02-10 23:05:11,27.1144788,114.9835744
江西鹰潭,China,10/02/2020 23:05,12,1,0,2020-02-10 23:05:11,28.2428093,117.0278246
江西景德镇,China,10/02/2020 23:05,5,1,0,2020-02-10 23:05:11,29.2909294,117.204121
江西赣江新区,China,10/02/2020 23:05,1,0,0,2020-02-10 23:05:11,27.66667,115.66667
江苏南京,China,10/02/2020 23:05,78,22,0,2020-02-10 23:05:11,32.0609736,118.7916458
江苏苏州,China,10/02/2020 23:05,77,13,0,2020-02-10 23:05:11,31.3016935,120.5810725
江苏徐州,China,10/02/2020 23:05,60,8,0,2020-02-10 23:05:11,34.2665541,117.1809741
江苏淮安,China,10/02/2020 23:05,46,5,0,2020-02-10 23:05:11,33.5897018,119.0211943
江苏无锡,China,10/02/2020 23:05,41,3,0,2020-02-10 23:05:11,31.5776264,120.2951311
江苏连云港,China,10/02/2020 23:05,35,4,0,2020-02-10 23:05:11,34.6092633,119.1695305
江苏南通,China,10/02/2020 23:05,33,5,0,2020-02-10 23:05:11,31.9827896,120.8904588
江苏泰州,China,10/02/2020 23:05,31,5,0,2020-02-10 23:05:11,32.4614944,119.913445
江苏常州,China,10/02/2020 23:05,31,6,0,2020-02-10 23:05:11,31.8129864,119.9692045
江苏扬州,China,10/02/2020 23:05,18,2,0,2020-02-10 23:05:11,32.3926973,119.4365759
江苏盐城,China,10/02/2020 23:05,18,3,0,2020-02-10 23:05:11,33.3939707,120.1349541
江苏镇江,China,10/02/2020 23:05,12,1,0,2020-02-10 23:05:11,32.2139599,119.458012
江苏宿迁,China,10/02/2020 23:05,12,3,0,2020-02-10 23:05:11,33.9564492,118.2945375
重庆万州区,China,10/02/2020 23:05,98,11,1,2020-02-10 23:05:11,30.7136179,108.3926525
重庆江北区,China,10/02/2020 23:05,24,1,0,2020-02-10 23:05:11,29.6219118,106.6818547
重庆垫江县,China,10/02/2020 23:05,20,1,0,2020-02-10 23:05:11,30.259256,107.432254
重庆云阳县,China,10/02/2020 23:05,20,10,0,2020-02-10 23:05:11,31.0333358,108.8624984
重庆九龙坡区,China,10/02/2020 23:05,20,1,1,2020-02-10 23:05:11,29.436043,106.360341
重庆渝中区,China,10/02/2020 23:05,20,1,0,2020-02-10 23:05:11,29.555552,106.56522
重庆忠县,China,10/02/2020 23:05,18,6,0,2020-02-10 23:05:11,30.337501,107.910414
重庆合川区,China,10/02/2020 23:05,18,2,0,2020-02-10 23:05:11,29.9746891,106.272238
重庆开州区,China,10/02/2020 23:05,18,6,0,2020-02-10 23:05:11,31.1626649,108.3885493
重庆两江新区,China,10/02/2020 23:05,16,0,0,2020-02-10 23:05:11,30.08333,107.83333
重庆綦江区,China,10/02/2020 23:05,15,0,0,2020-02-10 23:05:11,28.8962474,106.7298355
重庆长寿区,China,10/02/2020 23:05,15,3,0,2020-02-10 23:05:11,29.956916,107.135375
重庆奉节县,China,10/02/2020 23:05,14,1,0,2020-02-10 23:05:11,31.0242413,109.4599618
重庆大足区,China,10/02/2020 23:05,13,0,0,2020-02-10 23:05:11,29.6348166,105.7461507
重庆渝北区,China,10/02/2020 23:05,13,2,0,2020-02-10 23:05:11,29.8530379,106.7908121
重庆潼南区,China,10/02/2020 23:05,13,0,0,2020-02-10 23:05:11,30.1499356,105.7943237
重庆巫溪县,China,10/02/2020 23:05,12,2,0,2020-02-10 23:05:11,31.505926,109.344843
重庆石柱县,China,10/02/2020 23:05,12,2,0,2020-02-10 23:05:11,30.0019376,108.1091155
重庆巫山县,China,10/02/2020 23:05,9,4,0,2020-02-10 23:05:11,31.1161559,109.8975228
重庆丰都县,China,10/02/2020 23:05,9,1,0,2020-02-10 23:05:11,29.8664538,107.7257729
重庆铜梁区,China,10/02/2020 23:05,8,0,0,2020-02-10 23:05:11,29.814166,106.02909
重庆荣昌区,China,10/02/2020 23:05,8,0,0,2020-02-10 23:05:11,29.4642288,105.5017092
重庆璧山区,China,10/02/2020 23:05,8,0,0,2020-02-10 23:05:11,29.5730296,106.1686627
重庆南岸区,China,10/02/2020 23:05,8,0,0,2020-02-10 23:05:11,29.5399396,106.6835302
重庆大渡口区,China,10/02/2020 23:05,7,1,0,2020-02-10 23:05:11,29.4227309,106.457056
重庆巴南区,China,10/02/2020 23:05,5,1,0,2020-02-10 23:05:11,29.3924529,106.7622446
重庆永川区,China,10/02/2020 23:05,5,1,0,2020-02-10 23:05:11,29.29285,105.870081
重庆江津区,China,10/02/2020 23:05,4,1,0,2020-02-10 23:05:11,29.0312579,106.2732111
重庆高新区,China,10/02/2020 23:05,4,0,0,2020-02-10 23:05:11,46.5117529,125.2370909
重庆梁平区,China,10/02/2020 23:05,4,1,0,2020-02-10 23:05:11,30.6609362,107.7171841
重庆涪陵区,China,10/02/2020 23:05,3,0,0,2020-02-10 23:05:11,29.660589,107.332003
重庆沙坪坝区,China,10/02/2020 23:05,2,0,0,2020-02-10 23:05:11,29.6329905,106.396698
重庆黔江区,China,10/02/2020 23:05,2,2,0,2020-02-10 23:05:11,29.536148,108.7673528
重庆城口县,China,10/02/2020 23:05,2,1,0,2020-02-10 23:05:11,31.8749987,108.6999982
重庆彭水县,China,10/02/2020 23:05,2,0,0,2020-02-10 23:05:11,29.2962877,108.1610845
重庆秀山县,China,10/02/2020 23:05,1,1,0,2020-02-10 23:05:11,28.5228929,109.0005112
重庆酉阳县,China,10/02/2020 23:05,1,0,0,2020-02-10 23:05:11,28.8663015,108.7648005
重庆万盛经开区,China,10/02/2020 23:05,1,0,0,2020-02-10 23:05:11,30.08333,107.83333
重庆武隆区,China,10/02/2020 23:05,1,0,0,2020-02-10 23:05:11,29.3547157,107.6324413
重庆待确认地区,China,10/02/2020 23:05,0,3,0,2020-02-10 23:05:11,30.08333,107.83333
山东青岛,China,10/02/2020 23:05,53,10,1,2020-02-10 23:05:11,36.06605,120.36939
山东济南,China,10/02/2020 23:05,44,7,0,2020-02-10 23:05:11,36.66833,116.99722
山东临沂,China,10/02/2020 23:05,42,6,0,2020-02-10 23:05:11,35.06306,118.34278
山东济宁,China,10/02/2020 23:05,39,8,0,2020-02-10 23:05:11,35.405,116.58139
山东烟台,China,10/02/2020 23:05,39,3,0,2020-02-10 23:05:11,37.461928,121.4425255
山东潍坊,China,10/02/2020 23:05,37,1,0,2020-02-10 23:05:11,36.7071591,119.1557441
山东威海,China,10/02/2020 23:05,35,8,0,2020-02-10 23:05:11,37.50914,122.11356
山东聊城,China,10/02/2020 23:05,34,2,0,2020-02-10 23:05:11,36.45596,115.97766
山东德州,China,10/02/2020 23:05,32,4,0,2020-02-10 23:05:11,37.4486676,116.305416
山东泰安,China,10/02/2020 23:05,31,1,0,2020-02-10 23:05:11,35.3515673,108.965328
山东枣庄,China,10/02/2020 23:05,21,1,0,2020-02-10 23:05:11,34.8113006,117.3178278
山东淄博,China,10/02/2020 23:05,17,1,0,2020-02-10 23:05:11,33.6195977,106.9129013
山东菏泽,China,10/02/2020 23:05,16,5,0,2020-02-10 23:05:11,35.23929,115.47358
山东日照,China,10/02/2020 23:05,15,2,0,2020-02-10 23:05:11,35.4150703,119.5214512
山东滨州,China,10/02/2020 23:05,11,5,0,2020-02-10 23:05:11,35.0362878,108.0797604
四川成都,China,10/02/2020 23:05,123,39,1,2020-02-10 23:05:11,30.6624205,104.0633219
四川南充,China,10/02/2020 23:05,33,4,0,2020-02-10 23:05:11,30.8391616,106.1078202
四川广安,China,10/02/2020 23:05,28,3,0,2020-02-10 23:05:11,30.4591677,106.6331958
四川达州,China,10/02/2020 23:05,28,5,0,2020-02-10 23:05:11,31.216036,107.5027564
四川甘孜,China,10/02/2020 23:05,23,2,0,2020-02-10 23:05:11,28.2087538,103.4632546
四川巴中,China,10/02/2020 23:05,22,1,0,2020-02-10 23:05:11,31.8590183,106.754751
四川绵阳,China,10/02/2020 23:05,21,4,0,2020-02-10 23:05:11,31.458932,104.750108
四川内江,China,10/02/2020 23:05,17,2,0,2020-02-10 23:05:11,29.5910776,105.0629494
四川泸州,China,10/02/2020 23:05,17,2,0,2020-02-10 23:05:11,28.8745145,105.4394183
四川德阳,China,10/02/2020 23:05,16,0,0,2020-02-10 23:05:11,31.1244028,104.39013
四川攀枝花,China,10/02/2020 23:05,13,5,0,2020-02-10 23:05:11,26.5860102,101.7179276
四川遂宁,China,10/02/2020 23:05,10,2,0,2020-02-10 23:05:11,30.5061493,105.574542
四川凉山,China,10/02/2020 23:05,10,1,0,2020-02-10 23:05:11,32.3837,105.209
四川宜宾,China,10/02/2020 23:05,9,3,0,2020-02-10 23:05:11,28.7657927,104.6353116
四川自贡,China,10/02/2020 23:05,9,2,0,2020-02-10 23:05:11,29.3420008,104.7761594
四川眉山,China,10/02/2020 23:05,7,1,0,2020-02-10 23:05:11,30.0765357,103.8432023
四川广元,China,10/02/2020 23:05,6,1,0,2020-02-10 23:05:11,32.4329637,105.8563402
四川雅安,China,10/02/2020 23:05,6,2,0,2020-02-10 23:05:11,29.985931,103.0087944
四川乐山,China,10/02/2020 23:05,3,0,0,2020-02-10 23:05:11,29.5608755,103.7619922
四川资阳,China,10/02/2020 23:05,3,1,0,2020-02-10 23:05:11,30.1235983,104.6481144
四川阿坝,China,10/02/2020 23:05,1,0,0,2020-02-10 23:05:11,32.41875,102.6366383
北京朝阳,China,10/02/2020 23:05,56,0,0,2020-02-10 23:05:11,39.91812,116.43242
北京海淀,China,10/02/2020 23:05,54,0,0,2020-02-10 23:05:11,39.99064,116.28868
北京西城,China,10/02/2020 23:05,39,0,0,2020-02-10 23:05:11,39.91222,116.35615
北京大兴,China,10/02/2020 23:05,36,0,0,2020-02-10 23:05:11,39.74025,116.32693
北京丰台,China,10/02/2020 23:05,30,0,0,2020-02-10 23:05:11,39.8469617,116.2826365
北京外地来京,China,10/02/2020 23:05,25,0,0,2020-02-10 23:05:11,39.9075,116.39723
北京昌平,China,10/02/2020 23:05,18,0,0,2020-02-10 23:05:11,40.1888523,116.1871941
北京通州,China,10/02/2020 23:05,16,0,0,2020-02-10 23:05:11,25.7716,106.973
北京房山,China,10/02/2020 23:05,14,0,0,2020-02-10 23:05:11,39.7065873,115.9866591
北京石景山,China,10/02/2020 23:05,13,0,0,2020-02-10 23:05:11,39.9172071,116.1417554
北京顺义,China,10/02/2020 23:05,10,0,0,2020-02-10 23:05:11,40.1288708,116.6511833
北京东城,China,10/02/2020 23:05,9,0,0,2020-02-10 23:05:11,40.4950646,116.4744338
北京怀柔,China,10/02/2020 23:05,7,0,0,2020-02-10 23:05:11,40.3160253,116.6434696
北京密云,China,10/02/2020 23:05,6,0,0,2020-02-10 23:05:11,40.3751032,116.8371838
北京门头沟,China,10/02/2020 23:05,3,0,0,2020-02-10 23:05:11,39.9310848,116.0593607
北京延庆,China,10/02/2020 23:05,1,0,0,2020-02-10 23:05:11,40.4568127,115.9705791
北京地区待确认,China,10/02/2020 23:05,0,44,2,2020-02-10 23:05:11,39.9075,116.39723
黑龙江哈尔滨,China,10/02/2020 23:05,128,15,0,2020-02-10 23:05:11,45.75,126.65
黑龙江双鸭山,China,10/02/2020 23:05,38,1,2,2020-02-10 23:05:11,46.52272,132.64552
黑龙江绥化,China,10/02/2020 23:05,37,6,3,2020-02-10 23:05:11,46.63954,126.99508
黑龙江鸡西,China,10/02/2020 23:05,34,1,0,2020-02-10 23:05:11,45.30109,130.95718
黑龙江齐齐哈尔,China,10/02/2020 23:05,30,0,1,2020-02-10 23:05:11,47.34088,123.96045
黑龙江七台河,China,10/02/2020 23:05,14,0,0,2020-02-10 23:05:11,45.80738,131.0936
黑龙江佳木斯,China,10/02/2020 23:05,14,5,0,2020-02-10 23:05:11,46.79927,130.31633
黑龙江大庆,China,10/02/2020 23:05,13,0,1,2020-02-10 23:05:11,46.58333,125.0
黑龙江牡丹江,China,10/02/2020 23:05,12,1,0,2020-02-10 23:05:11,44.58333,129.6
黑龙江鹤岗,China,10/02/2020 23:05,5,1,0,2020-02-10 23:05:11,47.35118,130.30012
黑龙江黑河,China,10/02/2020 23:05,4,0,0,2020-02-10 23:05:11,50.24413,127.49016
黑龙江大兴安岭,China,10/02/2020 23:05,2,0,0,2020-02-10 23:05:11,52.36534,124.96116
上海外地来沪,China,10/02/2020 23:05,97,21,0,2020-02-10 23:05:11,31.22222,121.45806
上海浦东,China,10/02/2020 23:05,56,9,0,2020-02-10 23:05:11,31.2217826,121.5387401
上海宝山,China,10/02/2020 23:05,18,0,0,2020-02-10 23:05:11,31.4066338,121.4851577
上海闵行,China,10/02/2020 23:05,17,2,0,2020-02-10 23:05:11,31.1147666,121.3769429
上海静安,China,10/02/2020 23:05,16,3,0,2020-02-10 23:05:11,31.22,121.41583
上海徐汇,China,10/02/2020 23:05,16,1,0,2020-02-10 23:05:11,31.16221,121.4321187
上海松江,China,10/02/2020 23:05,14,0,0,2020-02-10 23:05:11,31.0295933,121.2108375
上海长宁,China,10/02/2020 23:05,11,2,0,2020-02-10 23:05:11,31.2092762,121.3899859
上海奉贤,China,10/02/2020 23:05,9,1,0,2020-02-10 23:05:11,30.9204487,121.4693834
上海普陀,China,10/02/2020 23:05,8,0,0,2020-02-10 23:05:11,31.2513263,121.3912291
上海嘉定,China,10/02/2020 23:05,8,1,0,2020-02-10 23:05:11,31.3838958,121.2461723
上海虹口,China,10/02/2020 23:05,7,1,0,2020-02-10 23:05:11,31.266703,121.501751
上海杨浦,China,10/02/2020 23:05,7,0,0,2020-02-10 23:05:11,31.2620112,121.5214305
上海黄浦,China,10/02/2020 23:05,5,1,0,2020-02-10 23:05:11,22.7269545,113.3892574
上海青浦,China,10/02/2020 23:05,5,2,0,2020-02-10 23:05:11,31.1521636,121.1195519
上海金山,China,10/02/2020 23:05,3,0,0,2020-02-10 23:05:11,30.744817,121.3372571
上海崇明,China,10/02/2020 23:05,2,0,0,2020-02-10 23:05:11,31.6313393,121.5337768
上海地区待确认,China,10/02/2020 23:05,0,4,1,2020-02-10 23:05:11,31.22222,121.45806
福建福州,China,10/02/2020 23:05,63,12,0,2020-02-10 23:05:11,26.0774954,119.2918215
福建莆田,China,10/02/2020 23:05,51,2,0,2020-02-10 23:05:11,25.4342199,119.0074625
福建泉州,China,10/02/2020 23:05,42,11,0,2020-02-10 23:05:11,24.9038801,118.5851458
福建厦门,China,10/02/2020 23:05,28,3,0,2020-02-10 23:05:11,24.4758496,118.0746834
福建宁德,China,10/02/2020 23:05,24,1,0,2020-02-10 23:05:11,26.6655699,119.5224895
福建南平,China,10/02/2020 23:05,18,2,0,2020-02-10 23:05:11,26.6417374,118.173639
福建漳州,China,10/02/2020 23:05,16,3,0,2020-02-10 23:05:11,24.5081859,117.6496027
福建三明,China,10/02/2020 23:05,13,1,0,2020-02-10 23:05:11,26.2367951,117.6038491
福建龙岩,China,10/02/2020 23:05,6,1,0,2020-02-10 23:05:11,25.0974393,117.0151162
福建地区待确认,China,10/02/2020 23:05,0,3,0,2020-02-10 23:05:11,26.25,118.0
河北沧州,China,10/02/2020 23:05,28,8,1,2020-02-10 23:05:11,38.3042796,116.8511597
河北唐山,China,10/02/2020 23:05,28,2,0,2020-02-10 23:05:11,39.63333,118.18333
河北邯郸,China,10/02/2020 23:05,27,2,0,2020-02-10 23:05:11,36.583333,114.483333
河北保定,China,10/02/2020 23:05,26,8,0,2020-02-10 23:05:11,38.8579735,115.490696
河北石家庄,China,10/02/2020 23:05,25,3,0,2020-02-10 23:05:11,38.04,114.47
河北廊坊,China,10/02/2020 23:05,24,5,0,2020-02-10 23:05:11,39.5128345,116.6997446
河北邢台,China,10/02/2020 23:05,21,4,1,2020-02-10 23:05:11,37.05,114.5
河北张家口,China,10/02/2020 23:05,17,2,0,2020-02-10 23:05:11,40.8228016,114.880567
河北衡水,China,10/02/2020 23:05,8,0,0,2020-02-10 23:05:11,37.73222,115.70111
河北承德,China,10/02/2020 23:05,7,1,0,2020-02-10 23:05:11,40.9725,117.93611
河北秦皇岛,China,10/02/2020 23:05,7,0,0,2020-02-10 23:05:11,40.0170867,119.3550816
陕西西安,China,10/02/2020 23:05,98,12,0,2020-02-10 23:05:11,34.3468421,108.9365887
陕西安康,China,10/02/2020 23:05,22,5,0,2020-02-10 23:05:11,32.7165184,108.9912989
陕西汉中,China,10/02/2020 23:05,21,0,0,2020-02-10 23:05:11,33.069049,107.018889
陕西咸阳,China,10/02/2020 23:05,17,2,0,2020-02-10 23:05:11,34.3075655,108.7234362
陕西渭南,China,10/02/2020 23:05,14,0,0,2020-02-10 23:05:11,34.5037437,109.4572848
陕西宝鸡,China,10/02/2020 23:05,13,2,0,2020-02-10 23:05:11,34.3645811,107.2332184
陕西延安,China,10/02/2020 23:05,8,2,0,2020-02-10 23:05:11,36.5853932,109.4828549
陕西铜川,China,10/02/2020 23:05,8,4,0,2020-02-10 23:05:11,34.9034852,108.9461781
陕西商洛,China,10/02/2020 23:05,7,1,0,2020-02-10 23:05:11,33.8678555,109.9353876
陕西榆林,China,10/02/2020 23:05,3,1,0,2020-02-10 23:05:11,38.2852957,109.7287583
陕西韩城,China,10/02/2020 23:05,1,0,0,2020-02-10 23:05:11,35.4762519,110.4508029
陕西杨凌,China,10/02/2020 23:05,1,0,0,2020-02-10 23:05:11,34.2859848,108.0995367
陕西待确认,China,10/02/2020 23:05,0,1,0,2020-02-10 23:05:11,36.0,109.0
广西南宁,China,10/02/2020 23:05,37,2,0,2020-02-10 23:05:11,22.8211654,108.3159756
广西北海,China,10/02/2020 23:05,35,3,0,2020-02-10 23:05:11,21.4799081,109.1068061
广西桂林,China,10/02/2020 23:05,30,5,0,2020-02-10 23:05:11,25.2777506,110.291804
广西柳州,China,10/02/2020 23:05,22,3,0,2020-02-10 23:05:11,24.3210804,109.4065723
广西河池,China,10/02/2020 23:05,21,0,1,2020-02-10 23:05:11,24.4981137,108.6296249
广西防城港,China,10/02/2020 23:05,17,1,0,2020-02-10 23:05:11,21.6177532,108.3453556
广西来宾,China,10/02/2020 23:05,11,0,0,2020-02-10 23:05:11,23.749651,109.2195556
广西玉林,China,10/02/2020 23:05,9,1,0,2020-02-10 23:05:11,22.6354097,110.1498186
广西贵港,China,10/02/2020 23:05,8,0,0,2020-02-10 23:05:11,23.115194,109.5960462
广西钦州,China,10/02/2020 23:05,8,0,0,2020-02-10 23:05:11,21.9647384,108.6209024
广西梧州,China,10/02/2020 23:05,5,3,0,2020-02-10 23:05:11,23.4977795,111.0292909
广西贺州,China,10/02/2020 23:05,4,0,0,2020-02-10 23:05:11,24.4029099,111.51491
广西百色,China,10/02/2020 23:05,3,0,0,2020-02-10 23:05:11,23.9051104,106.6153867
广西崇左,China,10/02/2020 23:05,0,0,0,2020-02-10 23:05:11,22.4041727,107.3527971
云南昆明,China,10/02/2020 23:05,45,2,0,2020-02-10 23:05:11,25.0437977,102.714338
云南西双版纳州,China,10/02/2020 23:05,15,2,0,2020-02-10 23:05:11,22.0107549,100.7960029
云南玉溪,China,10/02/2020 23:05,14,2,0,2020-02-10 23:05:11,24.3578557,102.5397072
云南大理,China,10/02/2020 23:05,13,2,0,2020-02-10 23:05:11,25.6023916,100.2449114
云南昭通市,China,10/02/2020 23:05,12,2,0,2020-02-10 23:05:11,27.3376718,103.7144348
云南曲靖,China,10/02/2020 23:05,12,1,0,2020-02-10 23:05:11,25.4902717,103.79654
云南保山市,China,10/02/2020 23:05,9,0,0,2020-02-10 23:05:11,25.1180731,99.1654168
云南丽江市,China,10/02/2020 23:05,7,2,0,2020-02-10 23:05:11,26.8740866,100.2356332
云南红河,China,10/02/2020 23:05,6,2,0,2020-02-10 23:05:11,22.8295833,103.5954167
云南德宏州,China,10/02/2020 23:05,5,0,0,2020-02-10 23:05:11,24.4363819,98.5850386
云南普洱,China,10/02/2020 23:05,4,0,0,2020-02-10 23:05:11,22.77326,100.9707544
云南楚雄州,China,10/02/2020 23:05,4,0,0,2020-02-10 23:05:11,25.4320355,101.7047854
云南文山州,China,10/02/2020 23:05,2,0,0,2020-02-10 23:05:11,23.4026689,104.2143967
云南临沧,China,10/02/2020 23:05,1,0,0,2020-02-10 23:05:11,23.88848,100.0879344
云南地区待确认,China,10/02/2020 23:05,0,4,0,2020-02-10 23:05:11,25.0,101.5
海南三亚,China,10/02/2020 23:05,43,11,1,2020-02-10 23:05:11,18.2534658,109.5034392
海南海口,China,10/02/2020 23:05,28,4,0,2020-02-10 23:05:11,20.0423626,110.3409936
海南万宁,China,10/02/2020 23:05,12,0,0,2020-02-10 23:05:11,18.837778,110.2875
海南儋州,China,10/02/2020 23:05,11,1,0,2020-02-10 23:05:11,19.5173795,109.5697188
海南澄迈县,China,10/02/2020 23:05,7,1,1,2020-02-10 23:05:11,19.691111,109.986111
海南临高县,China,10/02/2020 23:05,6,1,0,2020-02-10 23:05:11,19.801667,109.712778
海南琼海,China,10/02/2020 23:05,6,0,1,2020-02-10 23:05:11,19.2243051,110.472253
海南昌江县,China,10/02/2020 23:05,6,0,0,2020-02-10 23:05:11,19.2983749,109.0514948
海南陵水县,China,10/02/2020 23:05,4,0,0,2020-02-10 23:05:11,18.5071047,110.0331289
海南保亭,China,10/02/2020 23:05,3,0,0,2020-02-10 23:05:11,18.59444,109.64833
海南文昌,China,10/02/2020 23:05,3,0,0,2020-02-10 23:05:11,19.5452604,110.7932208
海南东方,China,10/02/2020 23:05,3,0,0,2020-02-10 23:05:11,19.0979286,108.6482353
海南定安县,China,10/02/2020 23:05,3,0,0,2020-02-10 23:05:11,19.485833,110.305556
海南乐东,China,10/02/2020 23:05,2,0,0,2020-02-10 23:05:11,18.4475827,108.9347989
海南琼中县,China,10/02/2020 23:05,1,1,0,2020-02-10 23:05:11,19.0340364,109.8347962
山西晋中,China,10/02/2020 23:05,32,8,0,2020-02-10 23:05:11,37.43597,113.08783
山西运城,China,10/02/2020 23:05,18,4,0,2020-02-10 23:05:11,35.02306,110.99278
山西太原,China,10/02/2020 23:05,17,3,0,2020-02-10 23:05:11,37.86944,112.56028
山西大同,China,10/02/2020 23:05,11,3,0,2020-02-10 23:05:11,40.1197,113.29737
山西晋城,China,10/02/2020 23:05,8,2,0,2020-02-10 23:05:11,35.4638496,110.4295581
山西朔州,China,10/02/2020 23:05,7,1,0,2020-02-10 23:05:11,39.3307915,112.4235469
山西长治,China,10/02/2020 23:05,7,0,0,2020-02-10 23:05:11,36.01064,113.06079
山西忻州,China,10/02/2020 23:05,7,0,0,2020-02-10 23:05:11,38.4139173,112.730463
山西吕梁,China,10/02/2020 23:05,6,3,0,2020-02-10 23:05:11,37.5200946,111.1444891
山西阳泉,China,10/02/2020 23:05,4,0,0,2020-02-10 23:05:11,37.85862,113.5730276
山西临汾,China,10/02/2020 23:05,2,1,0,2020-02-10 23:05:11,36.0885338,111.512998
贵州贵阳,China,10/02/2020 23:05,27,1,0,2020-02-10 23:05:11,26.5814112,106.7052544
贵州毕节,China,10/02/2020 23:05,21,0,0,2020-02-10 23:05:11,27.3053132,105.2778019
贵州遵义,China,10/02/2020 23:05,19,1,0,2020-02-10 23:05:11,27.7293815,106.9232185
贵州六盘水,China,10/02/2020 23:05,10,0,1,2020-02-10 23:05:11,26.5927706,104.8393163
贵州黔南州,China,10/02/2020 23:05,8,3,0,2020-02-10 23:05:11,26.0658691,107.1176105
贵州黔东南州,China,10/02/2020 23:05,8,0,0,2020-02-10 23:05:11,26.573796,108.599136
贵州铜仁,China,10/02/2020 23:05,8,2,0,2020-02-10 23:05:11,27.7223474,109.1838348
贵州黔西南州,China,10/02/2020 23:05,4,0,0,2020-02-10 23:05:11,25.38808,105.3874
贵州安顺,China,10/02/2020 23:05,4,0,0,2020-02-10 23:05:11,26.2496958,105.9277805
辽宁沈阳,China,10/02/2020 23:05,26,6,0,2020-02-10 23:05:11,41.8041094,123.4276363
辽宁大连,China,10/02/2020 23:05,16,3,0,2020-02-10 23:05:11,38.9181714,121.6282945
辽宁锦州,China,10/02/2020 23:05,11,1,0,2020-02-10 23:05:11,41.108528,121.1194219
辽宁盘锦,China,10/02/2020 23:05,11,0,0,2020-02-10 23:05:11,41.1169056,122.0655098
辽宁葫芦岛,China,10/02/2020 23:05,9,0,0,2020-02-10 23:05:11,40.7515443,120.8404789
辽宁阜新,China,10/02/2020 23:05,8,0,0,2020-02-10 23:05:11,42.0151733,121.6452868
辽宁丹东,China,10/02/2020 23:05,7,3,0,2020-02-10 23:05:11,40.128668,124.3863404
辽宁朝阳市,China,10/02/2020 23:05,6,0,0,2020-02-10 23:05:11,41.5754767,120.4390738
辽宁铁岭,China,10/02/2020 23:05,4,0,0,2020-02-10 23:05:11,42.2895233,123.8394899
辽宁辽阳,China,10/02/2020 23:05,3,0,0,2020-02-10 23:05:11,41.273887,123.1693463
辽宁鞍山,China,10/02/2020 23:05,3,0,0,2020-02-10 23:05:11,41.1081242,122.9899705
辽宁本溪,China,10/02/2020 23:05,3,0,0,2020-02-10 23:05:11,41.297577,123.7646562
辽宁营口,China,10/02/2020 23:05,1,0,0,2020-02-10 23:05:11,40.6747155,122.2357736
天津宝坻区,China,10/02/2020 23:05,35,0,1,2020-02-10 23:05:11,39.7196654,117.3170448
天津河东区,China,10/02/2020 23:05,11,1,0,2020-02-10 23:05:11,39.1257995,117.2426598
天津河北区,China,10/02/2020 23:05,10,1,0,2020-02-10 23:05:11,39.1465707,117.1945947
天津外地来津,China,10/02/2020 23:05,6,0,0,2020-02-10 23:05:11,39.33333,117.33333
天津和平区,China,10/02/2020 23:05,6,1,0,2020-02-10 23:05:11,39.1180526,117.1940966
天津宁河区,China,10/02/2020 23:05,4,0,0,2020-02-10 23:05:11,39.3279245,117.8194421
天津河西区,China,10/02/2020 23:05,4,0,0,2020-02-10 23:05:11,39.1076863,117.2179406
天津西青区,China,10/02/2020 23:05,4,0,0,2020-02-10 23:05:11,39.1401802,117.0009606
天津东丽区,China,10/02/2020 23:05,4,0,0,2020-02-10 23:05:11,39.0847717,117.3085778
天津滨海新区,China,10/02/2020 23:05,3,0,0,2020-02-10 23:05:11,39.0015772,117.7116387
天津南开区,China,10/02/2020 23:05,3,0,0,2020-02-10 23:05:11,39.1391151,117.1410363
天津红桥区,China,10/02/2020 23:05,2,1,0,2020-02-10 23:05:11,39.1694652,117.1437829
天津津南区,China,10/02/2020 23:05,1,0,0,2020-02-10 23:05:11,38.9893031,117.3799889
天津武清区,China,10/02/2020 23:05,1,0,0,2020-02-10 23:05:11,39.3794263,117.033233
天津北辰区,China,10/02/2020 23:05,1,0,0,2020-02-10 23:05:11,39.2242752,117.1321099
天津地区待确认,China,10/02/2020 23:05,0,4,0,2020-02-10 23:05:11,39.33333,117.33333
甘肃兰州,China,10/02/2020 23:05,33,3,2,2020-02-10 23:05:11,36.0606904,103.8305691
甘肃天水,China,10/02/2020 23:05,12,1,0,2020-02-10 23:05:11,34.5797531,105.7062921
甘肃定西,China,10/02/2020 23:05,8,2,0,2020-02-10 23:05:11,35.5782808,104.6173821
甘肃平凉,China,10/02/2020 23:05,7,0,0,2020-02-10 23:05:11,35.5410175,106.6798544
甘肃甘南州,China,10/02/2020 23:05,6,0,0,2020-02-10 23:05:11,34.5177861,102.6590876
甘肃陇南,China,10/02/2020 23:05,4,0,0,2020-02-10 23:05:11,33.387124,104.9313723
甘肃白银,China,10/02/2020 23:05,4,0,0,2020-02-10 23:05:11,36.5459108,104.133956
甘肃庆阳,China,10/02/2020 23:05,3,0,0,2020-02-10 23:05:11,35.7106146,107.6384287
甘肃临夏,China,10/02/2020 23:05,3,2,0,2020-02-10 23:05:11,35.5959451,103.2107992
甘肃张掖,China,10/02/2020 23:05,2,1,0,2020-02-10 23:05:11,38.9365134,100.4556326
甘肃金昌,China,10/02/2020 23:05,1,1,0,2020-02-10 23:05:11,38.5206719,102.185973
甘肃地区待确认,China,10/02/2020 23:05,0,7,0,2020-02-10 23:05:11,37.75,102.75
吉林长春,China,10/02/2020 23:05,39,6,0,2020-02-10 23:05:11,43.8882168,125.3182578
吉林四平,China,10/02/2020 23:05,12,1,1,2020-02-10 23:05:11,43.1669821,124.364739
吉林公主岭,China,10/02/2020 23:05,6,1,0,2020-02-10 23:05:11,43.5025009,124.8127196
吉林辽源,China,10/02/2020 23:05,6,0,0,2020-02-10 23:05:11,42.8863846,125.1374905
吉林延边,China,10/02/2020 23:05,5,2,0,2020-02-10 23:05:11,26.6570859,101.8534648
吉林吉林,China,10/02/2020 23:05,5,2,0,2020-02-10 23:05:11,43.8417717,126.5605066
吉林通化,China,10/02/2020 23:05,3,0,0,2020-02-10 23:05:11,41.7225544,125.9170455
吉林松原,China,10/02/2020 23:05,2,1,0,2020-02-10 23:05:11,45.1335025,124.8165152
吉林梅河口市,China,10/02/2020 23:05,1,0,0,2020-02-10 23:05:11,42.5358335,125.6925277
吉林白城,China,10/02/2020 23:05,1,0,0,2020-02-10 23:05:11,45.6156275,122.8360811
内蒙古包头,China,10/02/2020 23:05,11,0,0,2020-02-10 23:05:11,40.6549157,109.8344586
内蒙古鄂尔多斯,China,10/02/2020 23:05,11,2,0,2020-02-10 23:05:11,39.6081457,109.7763659
内蒙古呼和浩特,China,10/02/2020 23:05,7,0,0,2020-02-10 23:05:11,40.8337963,111.6730788
内蒙古通辽,China,10/02/2020 23:05,6,0,0,2020-02-10 23:05:11,43.6392011,122.2497308
内蒙古巴彦淖尔,China,10/02/2020 23:05,6,0,0,2020-02-10 23:05:11,40.7411867,107.3826113
内蒙古呼伦贝尔,China,10/02/2020 23:05,5,1,0,2020-02-10 23:05:11,49.2187995,119.7431228
内蒙古赤峰,China,10/02/2020 23:05,4,1,0,2020-02-10 23:05:11,42.2799929,118.9426131
内蒙古乌兰察布,China,10/02/2020 23:05,3,0,0,2020-02-10 23:05:11,40.9902685,113.1315646
内蒙古锡林郭勒,China,10/02/2020 23:05,2,1,0,2020-02-10 23:05:11,43.6094333,116.6551703
内蒙古乌海,China,10/02/2020 23:05,2,0,0,2020-02-10 23:05:11,39.6540161,106.7879045
内蒙古兴安盟乌兰浩特,China,10/02/2020 23:05,1,0,0,2020-02-10 23:05:11,43.5,114.75
新疆乌鲁木齐,China,10/02/2020 23:05,20,0,0,2020-02-10 23:05:11,43.8244074,87.6139038
新疆伊犁州,China,10/02/2020 23:05,10,0,0,2020-02-10 23:05:11,43.913273,81.3235085
新疆兵团第九师,China,10/02/2020 23:05,4,0,0,2020-02-10 23:05:11,41.5,85.5
新疆昌吉州,China,10/02/2020 23:05,3,0,0,2020-02-10 23:05:11,44.3478012,86.6870066
新疆巴州,China,10/02/2020 23:05,3,0,0,2020-02-10 23:05:11,39.495586,87.9790569
新疆兵团第四师,China,10/02/2020 23:05,3,0,0,2020-02-10 23:05:11,41.5,85.5
新疆兵团第十二师,China,10/02/2020 23:05,1,0,0,2020-02-10 23:05:11,41.5,85.5
新疆六师五家渠,China,10/02/2020 23:05,1,0,0,2020-02-10 23:05:11,41.5,85.5
新疆阿克苏,China,10/02/2020 23:05,1,0,0,2020-02-10 23:05:11,41.1666671,80.2612431
新疆第八师石河子,China,10/02/2020 23:05,1,0,0,2020-02-10 23:05:11,44.2988343,86.0776475
新疆第七师,China,10/02/2020 23:05,1,0,0,2020-02-10 23:05:11,44.4297577,84.9013835
新疆吐鲁番,China,10/02/2020 23:05,1,0,0,2020-02-10 23:05:11,42.9400252,89.1840477
宁夏银川,China,10/02/2020 23:05,28,5,0,2020-02-10 23:05:11,38.4829194,106.2116014
宁夏吴忠,China,10/02/2020 23:05,13,4,0,2020-02-10 23:05:11,37.9822616,106.1961109
宁夏固原,China,10/02/2020 23:05,3,2,0,2020-02-10 23:05:11,36.0163032,106.2408629
宁夏中卫,China,10/02/2020 23:05,3,2,0,2020-02-10 23:05:11,37.5062172,105.1690817
宁夏宁东管委会,China,10/02/2020 23:05,1,1,0,2020-02-10 23:05:11,37.25,106.0
宁夏石嘴山,China,10/02/2020 23:05,1,0,0,2020-02-10 23:05:11,38.9868531,106.3771974
香港地区待确认,China,10/02/2020 23:05,38,0,1,2020-02-10 23:05:11,22.28552,114.15769
青海西宁,China,10/02/2020 23:05,15,3,0,2020-02-10 23:05:11,36.6225321,101.7721957
青海海北州,China,10/02/2020 23:05,3,0,0,2020-02-10 23:05:11,36.960854,100.898152
台湾地区待确认,China,10/02/2020 23:05,18,1,0,2020-02-10 23:05:11,35.0,105.0
澳门地区待确认,China,10/02/2020 23:05,10,1,0,2020-02-10 23:05:11,35.0,105.0
西藏地区待确认,China,10/02/2020 23:05,1,0,0,2020-02-10 23:05:11,31.66667,88.0
